<?xml version="1.0" encoding="UTF-8"?>
<configuration scan="true" scanPeriod="60 seconds" debug="false">
    <appender name="console" class="ch.qos.logback.core.ConsoleAppender">
        <encoding>UTF-8</encoding>
        <encoder>
            <pattern>[%d{HH:mm:ss.SSS}][%p][%c{40}][%t] %m%n</pattern>
        </encoder>
        <filter class="ch.qos.logback.classic.filter.ThresholdFilter">
            <level>DEBUG</level>
        </filter>
    </appender>

    <appender name="mmall" class="ch.qos.logback.core.rolling.RollingFileAppender">
        <!--<File>d:/mmalllog/mmall.log</File>-->
        <File>E:/output/log4j/spring/mmall.log</File>
        <rollingPolicy class="ch.qos.logback.core.rolling.TimeBasedRollingPolicy">
            <fileNamePattern>E:/output/log4j/spring/mmall.log.%d{yyyy-MM-dd}.gz</fileNamePattern>
            <append>true</append>
            <maxHistory>10</maxHistory>
        </rollingPolicy>
        <encoder>
            <pattern>[%d{HH:mm:ss.SSS}][%p][%c{40}][%t] %m%n</pattern>
        </encoder>
    </appender>


    <appender name="error" class="ch.qos.logback.core.rolling.RollingFileAppender">
        <!--<File>d:/mmalllog/error.log</File>-->
        <File>E:/output/log4j/spring/error.log</File>
        <rollingPolicy class="ch.qos.logback.core.rolling.TimeBasedRollingPolicy">
            <fileNamePattern>E:/output/log4j/spring/error.log.%d{yyyy-MM-dd}.gz</fileNamePattern>
            <!--<fileNamePattern>d:/mmalllog/error.log.%d{yyyy-MM-dd}.gz</fileNamePattern>-->
            <append>true</append>
            <maxHistory>10</maxHistory>
        </rollingPolicy>
        <encoder>
            <pattern>[%d{HH:mm:ss.SSS}][%p][%c{40}][%t] %m%n</pattern>
        </encoder>
        <filter class="ch.qos.logback.classic.filter.LevelFilter">
            <level>ERROR</level>
            <onMatch>ACCEPT</onMatch>
            <onMismatch>DENY</onMismatch>
        </filter>
    </appender>

    <logger name="com.mmall" additivity="false" level="INFO" >
        <appender-ref ref="mmall" />
        <appender-ref ref="console"/>
    </logger>



    <!-- note mybatis log 日志 -->

    <logger name="com.mmall.dao" level="DEBUG"/>

    <!--<logger name="com.ibatis.sqlmap.engine.impl.SqlMapClientDelegate" level="DEBUG" >-->
        <!--<appender-ref ref="console"/>-->
    <!--</logger>-->

    <!--<logger name="java.sql.Connection" level="DEBUG">-->
        <!--<appender-ref ref="console"/>-->
    <!--</logger>-->
    <!--<logger name="java.sql.Statement" level="DEBUG">-->
        <!--<appender-ref ref="console"/>-->
    <!--</logger>-->

    <!--<logger name="java.sql.PreparedStatement" level="DEBUG">-->
        <!--<appender-ref ref="console"/>-->
    <!--</logger>-->


    <root level="DEBUG">
        <appender-ref ref="console"/>
        <appender-ref ref="error"/>
    </root>

</configuration>